start,end,speaker
1.0265937500000002,4.97534375,SPEAKER_01
7.48971875,12.56909375,SPEAKER_00
