start,end,speaker
0.4697187500000001,0.50346875,SPEAKER_00
4.992218750000001,6.98346875,SPEAKER_00
