start,end,speaker
6.105968750000001,6.4772187500000005,SPEAKER_00
6.17346875,6.98346875,SPEAKER_01
