start,end,speaker
0.21659375000000003,6.32534375,SPEAKER_02
5.970968750000001,10.814093750000001,SPEAKER_00
10.52721875,13.83471875,SPEAKER_03
14.172218750000003,18.72846875,SPEAKER_00
19.01534375,22.47471875,SPEAKER_01
22.64346875,26.204093750000002,SPEAKER_00
