start,end,speaker
0.03096875,1.8703437500000002,SPEAKER_01
1.83659375,3.45659375,SPEAKER_00
3.42284375,11.320343750000003,SPEAKER_01
11.320343750000003,13.952843750000003,SPEAKER_00
13.93596875,19.656593750000003,SPEAKER_02
18.72846875,20.922218750000003,SPEAKER_00
20.922218750000003,26.18721875,SPEAKER_02
26.17034375,58.469093750000006,SPEAKER_00
34.57409375,34.60784375,SPEAKER_01
39.26534375,39.43409375,SPEAKER_01
