start,end,speaker
1.24596875,2.2078437500000003,SPEAKER_00
3.1359687500000004,4.73909375,SPEAKER_00
6.105968750000001,6.13971875,SPEAKER_01
6.13971875,6.98346875,SPEAKER_02
