start,end,speaker
1.1953437500000001,2.61284375,SPEAKER_00
3.8615937500000004,4.1822187500000005,SPEAKER_01
6.764093750000001,6.98346875,SPEAKER_02
