start,end,speaker
2.5115937500000003,7.48971875,SPEAKER_00
8.83971875,12.56909375,SPEAKER_01
