start,end,speaker
2.07284375,12.484718750000003,SPEAKER_00
