start,end,speaker
1.0265937500000002,5.970968750000001,SPEAKER_00
